-0.001178968826524185,0.106326341115674919,-0.095313798692693699,0.615409652214483183,0.921065838635777845,2
0.476405976770354456,0.021912879091920912,0.013177292086348630,0.166832242410993981,1.108423641959867645,2
0.212872180354019003,0.092057395963506122,0.055890206651969129,0.532737909805827692,1.036729367682307279,2
0.591303352351381983,0.290069790307163289,-0.089780554260009374,0.571122749676482133,1.107073353964884488,2
0.474326583502596544,-0.259213539103617108,0.337294551239720020,0.217249966658134175,1.007030665820875415,2
0.484290782740831816,0.130475939542156250,-0.091121418064146059,0.354369117123467470,0.895224949380164392,2
0.448189177172719388,0.226567213157263969,0.021869407492746434,0.392288999033447827,1.130835872592662827,2
-0.109367933054801067,-0.035200122207693765,-0.250451085004610996,-0.346329205202043744,0.131534546483536380,0
0.706637526127529503,0.079662641334516948,0.229556559872157145,0.404320276929892808,1.371918002789502156,2
0.358887247455738523,0.197151526248829645,0.002013803216665763,0.692240761043184771,1.073379177820426023,2
-0.228628157542061228,0.043528424984415365,-0.168361120708254597,-0.076047919503999473,0.002884171470680371,0
0.610645927871939498,0.012750007979291808,0.133264387124366612,0.462020952087771997,1.220097355650027415,0
0.164179611057039376,-0.030242364201365560,-0.038547951862925936,-0.076475119617899864,0.147604695380579742,0
0.183637447613449412,-0.304204293323750541,-0.193540066692964724,0.260692805647378512,0.212681384894763320,0
0.238995392826968356,0.070321466369014540,-0.183743028176470591,0.133326019042312061,0.206775125241899338,0
-0.074254730189806398,-0.119354223704804002,-0.271089806811685208,-0.113976133526505666,0.033906053202872120,0
0.027575601700386740,0.221205103498802708,0.120630801315703723,0.078688859805098266,0.160284532650893957,0
-0.053870492509759602,0.047518833668645365,-0.044417668252377807,0.161793097800112196,0.282573468509937087,0
0.127771826658831050,-0.080616905045605133,0.000818600939304133,-0.081163474230709159,0.000884004068714383,0
0.424126348392085850,-0.126908512134305151,0.197846349733982380,0.573668226562266015,0.322313831160876196,0
0.055461186578702970,-0.155955791653426323,-0.012135195465150742,0.008261272899332719,0.162874959746120818,0
0.268590773696231411,0.203304242196367502,-0.058346993122523727,0.239893138629496294,0.137949537335017802,0
0.071199425350226678,0.099542853180593097,0.219905812234406806,0.076565886709723086,0.235044936107461327,0
0.396084535183054809,-0.145536266649193197,-0.155812878369750968,0.362949510355205840,0.932115510058233676,2
0.456114157935754660,-0.020464163218410214,0.033312917082969989,0.247087643486606723,0.989775982441029933,2
0.348652843716155236,-0.213700666990765009,0.067607348553872237,0.841318686373643376,1.277959441212947356,2
0.596845790299254220,0.104225224123436405,0.118029938441149881,0.409494144181304587,1.160284566360217928,2
0.806378382691827267,0.151496917771891726,0.004925115064028512,0.945619637027574900,2.113871354369810884,1
0.000617146197898932,-0.057186621758262314,-0.091992382174039850,0.096583780032721805,0.128080785945742848,1
0.467160110910925241,-0.156635361488170533,0.348419987392420250,0.416193682443802837,0.926341367957780548,2
0.306608953534974638,0.241892728553781078,0.183247772039580981,0.264354303333441454,0.269062718483557228,0
0.554979701702604356,0.075425222778416817,0.024885439376631902,0.271890588194158345,1.043435278289573720,2
0.500314526559447748,0.020607453582412880,-0.089815778675899668,0.177574240610697875,0.775538263996725541,2
0.151903475233035185,0.010812579085825239,-0.012409127795451436,-0.118979573366991803,0.088147999448439984,0
0.697030590316686016,0.236572721593620250,0.318164016289849583,0.506861126018444907,1.252017141436724046,2
0.127685045400085101,-0.107375129237084282,-0.024518054020558774,-0.048703367092519198,0.101723255850424507,0
0.186652793660196215,0.120243711337451570,0.103009331903973184,0.137326006513989601,0.289721395610602062,0
0.016344677932150269,-0.050147695356108191,0.029240697745344539,-0.299876281395056565,0.007608878607988992,0
0.096296870890024575,-0.018243374925467338,0.005373207773383541,-0.017427174276989414,0.118847444832735641,0
0.349869989086344646,-0.139705431660014479,-0.082806926291229654,-0.099207286488312896,0.205853731677304558,0
0.202518915261338611,0.017902101446694126,-0.072180819712277508,0.045065362726417008,0.024287094879058221,0
0.034806364886653049,-0.007165216999827015,-0.057174312524390140,0.064850571085999870,0.240521870162353157,0
0.524637894395492577,0.246205673237451461,0.181045539430472746,0.247643583811372137,0.988283858033872309,2
0.560005061249117975,0.035034972710802303,-0.210256058694268694,0.397235544801921581,1.024320021106953638,2
0.400921655641600372,-0.098998846892004999,-0.053935730943494978,0.053950024039101707,0.213476391798092774,0
0.074709766039860723,0.110643679994749958,-0.130128173712400319,0.212768502006294935,0.211089374563211279,0
-0.108379041993309458,-0.118472857510273977,-0.075871621956138863,0.384712993764863675,0.069502164597097973,0
0.018001242703346167,-0.004081427100710074,-0.036037203247713083,0.092641153169009963,0.110881545614054999,0
0.317734196754386189,-0.155416619552419255,0.117553895260542607,0.107682452551064067,0.470421058841050233,2
0.306138799180915466,-0.152452529857906832,0.239994707197758450,0.379454665151982173,1.004013217828493065,2
0.180101740274425659,0.376222747844609073,-0.030788104054238860,0.395147649141363355,1.094951239869143667,2
0.323055943878112040,-0.245869183301128141,0.279577701996091610,0.601985890624225917,1.252498665125130417,2
0.631148275228323841,-0.148754648024639474,-0.004733605415814579,0.370499954949935206,1.420585133140249701,0
0.101909541418899338,-0.059911065049424145,-0.056943180960981707,-0.098777101990581428,0.216811554690339053,0
-0.111108345333533198,0.183239261108058660,0.216417387677121348,0.044429789059888897,0.119481155178539508,0
0.645983615670264077,0.052653357311380947,0.446754563922648118,1.040102791806299276,2.297031948390188205,1
0.151854750363258378,0.095736486282647942,0.053879835539161022,0.204445503312242982,0.037865135872838157,0
-0.073339827898644738,-0.123315673648905832,-0.043482779686424403,0.138123677483021345,0.165926899445548531,0
0.886065931558333464,-0.098211005398701770,0.348594706425991940,0.322471090157046003,1.276520546022889668,2
0.111618747168440863,0.107735010500517717,-0.177139450839331886,0.035948912759525269,0.141857911475960108,0
-0.106026936266164426,-0.261139066098205308,0.134928971870434566,0.007249281216739401,0.058317625420369210,0
0.364160919179977338,0.032376993924994525,-0.241975940234521986,0.211708729107358606,0.322308310807194298,0
0.199718375238491674,0.086681576551739276,0.213274615774008719,0.465800972371655020,0.878256090188617056,2
0.664126668793777020,-0.211233089530333679,0.047606115536693389,0.902928996388839389,1.432799075371106179,2
0.530538823209451893,0.233831841751855118,0.046710369661206910,0.818218057381877584,1.591878074931418530,0
-0.036338047989334099,0.139718596757940683,-0.156770635150730836,-0.246860082847353973,0.043784958440966498,0
0.215604166072650955,-0.093465716247605676,-0.303553679271796939,0.070927924086178679,0.336039685290648038,0
-0.081165741469924821,0.249191407263550407,-0.246089016058072485,-0.138824333162336139,0.093684239003473418,0
1.120627665937661721,-0.000852085708487715,0.032198038658571126,1.013073493738986253,2.400532168296273472,1
-0.019954614343893631,-0.191838089460942357,0.306369152560524938,0.153420518171888953,0.200143241375328768,0
0.430219235282751411,-0.227791943149773302,0.041328742321042375,0.312444482317268735,1.029115924662777903,0
0.104254989182553909,0.114012539432581647,-0.048043629411647318,0.186679559901677561,0.136647695622837628,0
0.104109140007107304,-0.007620361976046128,0.137053565118742005,0.071712650070445125,0.271467987869092986,0
-0.001334179934097922,0.014443696407455565,0.132032081933771195,0.196189655865137647,0.096482748570587779,0
0.369350719901044067,-0.017411164414171953,0.067198443781845751,0.545422523010464122,1.097234268618029862,2
0.091554735568382811,-0.051017078197206175,0.142230156480570413,0.033132192309581379,0.043512331929960554,0
0.168827341924450064,0.213397326444974722,-0.070001364503152724,0.106328618571182670,0.183313135486288137,0
0.318161256724932784,0.016627992144701346,0.125244910728731201,0.189847498137439202,0.236340670629489630,0
0.892978286975127822,0.204593547758770478,0.123832107801317509,0.573985008233160565,1.607297391005140019,1
-0.273105281894696572,-0.040603642607093482,0.030900273054997013,-0.021085471798392326,0.054437555615718253,0
0.016963518011849074,-0.078993616185651885,-0.039764089644646096,0.076603499015898524,0.174456171383499170,0
0.159824634534312032,0.147065062817808567,0.022378928226889715,-0.079615885927303648,0.125128176119168766,0
0.250354537074872319,-0.100655641659684617,0.238479929982163219,0.379713679528954295,0.986730828874777144,2
-0.128188208085356276,-0.194755372840682978,0.169457774905638986,-0.246621496487368724,0.021386508614172784,0
0.311025567927702085,0.087689978453955056,0.065570236855816616,0.492443311789231453,1.090981063549318675,0
-0.011069922030885235,0.083179420074100646,0.217817109471657167,0.218801353673149179,0.211293539637996852,0
0.251732679374329638,-0.131344204971522438,0.124941850356632619,0.640380128261405224,1.249702490178228098,2
0.254719491492827410,0.127039823460093126,-0.090924137358750823,0.443289370898473478,0.333240389266380499,0
0.225253030953721012,-0.004283448860860409,0.266312514659001798,-0.103816640680882005,0.257739903961100913,0
1.508792702399782470,0.226471489775610324,0.504481518976711008,1.356374354129691984,3.145855978107761075,1
-0.069115116514553557,0.119586365260573979,0.031918144011928343,0.308087663347706764,0.214364413815033295,0
-0.136443771191485208,-0.022183745745534306,0.004320882656791022,0.001981933694614003,0.136898414528576012,0
-0.185385833190843619,-0.160374752600989212,-0.328879907015211581,-0.135190182259702918,0.153805024259854317,0
0.566878694116362047,0.173943722197011708,-0.215366691513229624,0.354335305549852320,0.962619397431625057,2
1.363525902823449432,0.373976689830403275,0.122993778831560402,0.626568463639302742,2.607923504058561548,1
0.577046880042176857,0.337575236306112303,0.091461322934324144,0.368689242929174821,1.059058081053585232,2
0.241717517031777573,0.145005323287117321,0.087673606982826446,0.152172272918451645,0.254547251652408157,0
0.014023093877027215,0.155176681850854259,0.031080609932132606,0.081895246464088772,0.159360568625182886,0
0.164722436854552401,0.058704799792766757,0.174098761036888983,-0.115142015160116046,0.043606760412935514,0
0.182700800972577654,0.065045932391961159,0.188523516063328678,-0.041180594963001638,0.272616182114979344,0
-0.022081461335300173,0.039932578445881023,0.035314911800112050,0.172067504511278474,0.153501405931680407,0
0.360637156886979671,0.030051715956600111,0.002112622536978212,-0.084037141432576179,0.104941435739409464,1
0.029243441392623012,0.084167140324471118,-0.124853904904662305,0.270026096484864309,0.276914565529103596,0
0.190751686133154463,0.263107733592409077,0.084278828776781223,-0.069528532155680695,0.205634670289908589,0
0.247606837256025336,-0.007354919718894772,0.070536980772036240,0.088020850280410345,0.531379385632772538,1
1.106269457053479011,0.174585476958448033,0.327896686331299814,1.074679328810263179,2.498860000254037317,1
0.719876896262517496,0.313525852428439056,0.227033264632958504,0.456045119583441183,1.531263735556801953,1
0.462562787025016298,0.110599121530395916,0.075341982237922156,0.297658617703205453,0.995044063182470406,0
0.025876592705783408,0.289388927636572812,0.011379924160281791,0.070696438523296309,0.357299658351546423,0
-0.012426699453467561,-0.028631899865653627,0.013925322540498726,0.024224683287166655,0.060558763444679121,0
1.270794280011992239,0.069255195601461705,-0.096805819490077771,1.119892773261411456,2.557709869404471981,1
0.030887173680536048,0.136888475345609356,0.071203661419800557,-0.015702819021697317,0.269056858785290454,0
0.224063647278580053,-0.129705744289589725,-0.204596712695291200,-0.184376853286647407,0.300213699407684886,0
1.438178658595376413,0.294072822171953296,0.168770218865046118,1.273810565886491997,3.536378144018323511,1
0.576123061870179365,0.185129432212797040,0.179588401370224915,0.592948612000496311,1.405223633246568626,2
0.510277808631877550,0.060806971542710350,0.284508401347271900,0.446535094649059494,1.050405011423933610,2
0.312817377314120182,0.065351558652377878,-0.121794569270475828,0.673939924061008444,1.338410471779665212,2
0.531186829405492889,0.028933791237926651,0.101521818547859605,0.460007306921473347,0.897205803829554838,2
0.227070598653108524,0.189371336244968297,0.241323146114332726,0.086923815500429324,0.248264808885723387,0
0.100677409090058595,-0.001000208841252830,-0.071801539510050638,-0.067595092859833977,0.176526341580125784,0
0.175343632751110645,0.108796410262556403,0.053001585883374613,0.357711181943015821,0.984570270523224322,0
0.009961184968609288,0.037654225446563480,-0.194190066989061161,0.053588975862498986,0.334761865171751105,0
0.611975735275544719,0.173361022724312031,0.275641811708898676,0.424589383346506866,1.209868296156642264,0
0.185722084161125262,0.120312109117012164,0.083934261998359377,0.066785150896702186,0.181563901706981584,0
-0.019626730622610930,-0.207177421682924856,-0.061374028672600618,0.026913242815491498,0.279216440321841675,0
0.075695175574281987,0.185199191711893196,-0.058431745304705837,0.108580723300353149,0.034400964101421759,0
0.134843735581809038,-0.144945740703344039,0.296273088729555600,0.075447323482791526,0.245578067681292783,0
0.095727694764093166,-0.025006675566623511,0.275566209583632704,-0.027624167457472870,0.205587686038658429,0
0.654952923573672852,0.164950295368384958,-0.033580086845271223,0.681609418884846052,1.367745940847103547,2
0.811479225997441267,0.040416364756539494,0.301664819801095718,0.832627999083673020,2.141060088206280909,1
0.299080467872927080,0.229766659201832313,0.064752520382812831,0.108363689748736558,0.367207894700045834,0
1.100503540004527103,0.177449233586913641,0.349206006144677283,1.271259977942797770,2.958861605234250902,1
0.217421823352643845,0.073792855236136407,0.106084268213714694,0.242817899990946162,0.310727353743719903,0
1.184421859688184142,0.181369796346215251,0.173421068141629470,1.073992681094949608,2.449496986153949063,1
0.273442380997841572,0.343040313449267442,-0.007080076873246445,0.037473133086785383,0.251122462700445803,0
0.006953776811467152,-0.087560806634786340,-0.009451150074773233,-0.062591048875737909,0.130091389872004581,0
0.596173117848882494,0.408782384985004354,-0.046595446619340813,0.458831756311979921,1.617287207582456032,0
-0.266159419970068312,-0.238736099954082098,-0.044255419692786291,-0.065017737217404836,0.136288463446625624,0
0.842559246490110714,-0.079922037547860675,0.062332131766916821,0.464392541488855504,2.013591341796026057,1
-0.006023693704807712,0.044378787885567719,-0.036089812885982488,0.151217801149098691,0.044073485470188190,0
0.167124892005801495,-0.096005992341085450,0.002646005839124215,0.166003421830066694,0.029471659754709542,0
0.681238017409980801,0.204598914011417832,-0.037197572838277931,0.483053227888717074,1.511205869279545144,1
0.922649491253526022,0.118962022984963320,0.164389618687861117,0.867236524839826051,2.812106623261585892,1
0.636505597555672153,0.120637100078899037,-0.050747204530243326,0.424017361702008322,1.179551208650963190,2
0.085474333127356417,-0.089164722103098282,-0.136098296005264408,-0.032568989975064966,0.294321654491580931,0
-0.031789174220649349,-0.157662563102764469,-0.134128012370002742,0.258389611041419442,0.103336531315030580,0
0.106435048479238833,0.065920471222994853,0.208264801959620799,-0.075737798939962575,0.038848886537163299,0
0.159513104508015952,0.040177438600048763,-0.168950185420540938,-0.001108468251869547,0.105361376395919915,0
0.162847608928887749,0.079451783791004177,-0.277007660057420613,0.020074271043320213,0.233779106616526733,0
0.807828038569643581,0.111975871428760643,0.052369346017945628,0.633607503785206250,2.155979679474784305,1
0.790366787745597987,-0.033763579947111100,0.036873206563893993,0.456310323166604970,1.216617830798125244,2
0.314710690786263125,0.062776192639918113,-0.010338606774030812,0.372195120528193535,1.042363259035553824,2
1.485233529668756214,0.228700799830588247,0.386887117610532516,1.343827159981115793,2.813643099625234623,2
-0.023331372130391555,0.086233891138724025,0.010398822947409712,-0.105444248017749612,0.055103905612736793,0
-0.104291001499381780,0.165384856061853380,0.047481946095541169,0.220109289063408986,0.314866743290277695,0
0.534300858468966577,0.196903755714226997,0.092681570086658463,0.706662791413513403,1.218664346660182085,2
0.268920002594933816,0.166186629182496937,0.028585213132395544,0.311731458400375749,0.364796994739965907,1
0.503999828557624818,-0.067102356003645239,0.002834001971623312,0.535793354083741069,1.087832650922008204,2
0.619853015523051498,0.087083766151365830,0.030123112440510719,0.653721063051844076,1.498892004507104136,0
0.966796392489939205,0.018409477187514678,0.258456341354393215,0.829011892084081103,2.673130734495703820,1
0.076123132037000829,0.072958051478620806,0.136360434808193015,0.082104759708039279,0.255419594287233487,0
0.428197183046396090,0.106986315301514021,0.275843695896258956,0.623646003114894931,1.166633011885982230,2
1.139270891573680000,-0.043638471809705981,0.098602630837321958,1.331896583062708084,2.865815420414108861,1
0.328288343141913241,0.088810366814865260,-0.014983501927954872,-0.198084207725921890,0.276965615796606779,0
1.235759889368238884,0.226635140319638606,0.195356267744583867,1.344129718041120247,2.641366398757475142,1
-0.020607206467495184,-0.223287728693291082,-0.060477260486622872,0.080296363405581134,0.182045593649384135,0
0.690432389484631925,-0.032397426533836829,-0.096000087982841875,0.503584777162673136,1.378859949323876233,2
-0.052968849245038148,-0.279154283878386811,0.075383447109273610,0.081726837206189978,0.090402703907910692,0
0.000769354948648507,0.125770191163768530,0.043595419436379769,0.053191541605514939,0.186787367247668756,0
0.625017947554668107,-0.112211860435588187,-0.067323585517836043,0.549281133061118587,1.422544533683946399,1
-0.053052449614140920,0.136081171729873940,0.089809350661177359,-0.020972849264631846,0.167160045426313103,0
0.201045459691150757,0.079929022938334829,0.085465479412302522,0.144304355377705085,0.241835968053995265,0
0.034518759436690291,0.179968001189679483,-0.217894958466946592,0.272700586014779756,0.156802620861277192,0
0.988715471654133760,-0.000622332295676736,0.117437217791754145,0.698073988603310158,2.068518491850444008,1
-0.311555881416276492,0.100932472360026601,0.098539238799911402,0.246783054192883183,0.083756895800381925,0
0.808334686518360268,0.120779614932676971,0.305434611451658400,0.764659319370720292,2.236666637728429219,1
0.103849632170832956,0.065925382805638630,0.269039196347986898,0.287452903911855961,0.147883523749956253,0
0.096526395873318127,0.191043854491663639,0.057080514796712452,0.074301304459192807,0.497926990015194193,1
0.918934744546383131,0.093532295748860073,-0.041988910532147442,0.384296758965189778,1.152641907192352821,0
0.168509240968683305,0.057306761915182317,0.188357628882598827,0.152207349863219543,0.160295008917105963,0
-0.145073847402905798,-0.047557710589254135,0.148482025654077976,0.111030762050761997,0.015182126356664142,0
0.367387233915194900,0.178727423284879228,0.118929498223580607,0.369919148113479868,0.926613949433480077,2
0.999363217328581022,0.246643067347831313,0.256335439961657585,1.213233026704683581,2.713853812119326303,1
-0.221709480508869156,-0.306518460155823902,0.027419949074918400,0.098432713549397755,0.008717239355664395,0
0.242956575671040814,0.190108472381945892,0.216199458353882407,0.185688698987984457,0.235043709161000897,0
0.133245474053001772,-0.092445922373928416,-0.062002489642211306,-0.081452450285175115,0.026218327587565711,0
1.131057669180525860,0.170976274850172055,0.108157857396533663,0.587310699679642223,1.677135758841118429,0
0.715501955848054871,-0.119083083665000616,-0.076216328269429451,0.738884322928258563,1.339042027208991570,1
