word,key
礼,祭祀
三礼,祭祀
《周礼》,祭祀
《仪礼》,祭祀
《礼记》,祭祀
五礼,祭祀
吉礼,祭祀
嘉礼,祭祀
宾礼,祭祀
军礼,祭祀
凶礼,祭祀
祭祖,祭祀
尸,祭祀
祝,祭祀
宗庙,祭祀
昭穆,祭祀
天子七庙,祭祀
诸侯五庙,祭祀
大夫三庙,祭祀
历代帝王庙,祭祀
神主,祭祀
祭祀六节,祭祀
牲牢之制,祭祀
太牢,祭祀
少牢,祭祀
告庙,祭祀
笾豆之实,祭祀
祭天,祭祀
南郊,祭祀
北郊,祭祀
绎祭,祭祀
軷祭,祭祀
大飨礼,祭祀
省牲器,祭祀
奠玉帛,祭祀
分献陪祀,祭祀
晨祼,祭祀
玉帛,祭祀
祭品,祭祀
时享,祭祀
赐胙,祭祀
进熟,祭祀
馈食,祭祀
陈设,祭祀
斋戒,祭祀
天坛,祭祀
祭日,祭祀
祭地,祭祀
城隍神,祭祀
社稷,祭祀
祭社,祭祀
祭月,祭祀
禋祀,祭祀
殷祭,祭祀
牺牲,祭祀
粢盛,祭祀
月祭,祭祀
大祀,祭祀
中祀,祭祀
非常祀,祭祀
小祀,祭祀
社主,祭祀
五畤,祭祀
望祀,祭祀
日坛,祭祀
地坛,祭祀
月坛,祭祀
厉坛,祭祀
明堂,祭祀
卜筮,祭祀
腊祭,祭祀
雩祀,祭祀
傩礼,祭祀
祈谷,祭祀
圜丘方泽,祭祀
高禖,祭祀
释菜,祭祀
释奠,祭祀
祃祭,祭祀
旗纛之祭,祭祀
泰山八神之祭,祭祀
风云雷雨之祀,祭祀
岳镇海渎山川之祀,祭祀
祀神君,祭祀
祀碧霞元君,祭祀
封禅,祭祀
祭灶,祭祀
配飨,祭祀
登封,祭祀
祀司寒,祭祀
享先农,祭祀
籍田享先农,祭祀
亲蚕享先蚕,祭祀
祀先师孔子,祭祀
酎金,祭祀
坤宁宫祀神,祭祀
堂子祭天,祭祀
满洲跳神仪,祭祀
朝,朝会
朝会,朝会
先秦盟会,朝会
贽,朝会
歃盟,朝会
常朝,朝会
燕朝,朝会
早朝,朝会
午朝,朝会
内朝,朝会
外朝,朝会
搢笏,朝会
亲征,朝会
受降,朝会
巡守,朝会
大射,朝会
大阅,朝会
巡游,朝会
视学,朝会
品官相见礼,朝会
秋狝,朝会
请中严,朝会
叔孙通制朝仪,朝会
颁诏礼仪,朝会
外藩朝觐,朝会
遣使之蕃国,朝会
诸王来朝,朝会
诸司朝觐,朝会
遣将出征,朝会
合朔伐鼓,朝会
御明堂读时令,朝会
正旦冬至大朝会,朝会
清宫朝会仪式,朝会
垂帘,朝会
山呼万岁,朝会
六肃礼,朝会
登极,庆典
改元,庆典
天子加元服,庆典
万寿圣节,庆典
千秋节,庆典
皇太后圣寿节,庆典
上尊号徽号仪,庆典
上玉帝圣母尊号,庆典
大婚仪,庆典
天子凯旋,庆典
皇后千秋节,庆典
皇太子千秋节,庆典
册立皇太子,庆典
中宫受贺仪,庆典
朝贺东宫仪,庆典
公主笄礼,庆典
内禅仪,庆典
宗室宴,庆典
百官宴,庆典
群臣朝觐出使宴饯,庆典
外藩宴,庆典
曲宴,庆典
赐进士宴,庆典
赐酺,庆典
春社,庆典
秋社,庆典
外国公使觐见礼,庆典
敕封藩服礼,庆典
正旦,庆典
上元,庆典
三元,庆典
元宵,庆典
花朝,庆典
人日,庆典
寒食节,庆典
清明,庆典
上巳,庆典
端午,庆典
伏日,庆典
七夕,庆典
中元,庆典
中秋,庆典
重阳,庆典
冬至,庆典
腊日,庆典
小年,庆典
除夕,庆典
浴佛,庆典
长春节,庆典
乾明节,庆典
承天节,庆典
同天节,庆典
寿圣节,庆典
乾元节,庆典
宁贶节,庆典
天应节,庆典
天符节,庆典
降圣节,庆典
真元节,庆典
元成节,庆典
开基节,庆典
乾龙节,庆典
天宁节,庆典
天贶节,庆典
天庆节,庆典
乾会节,庆典
天基节,庆典
天祐节,庆典
重明节,庆典
长宁节,庆典
兴龙节,庆典
坤成节,庆典
会庆节,庆典
天申节,庆典
太阳生日,庆典
顺星,庆典
制书,庆典
告敕,庆典
告身,庆典
敕甲,庆典
敕命,庆典
制策,庆典
策书,庆典
符节,庆典
符玺,庆典
泥封,庆典
内册,庆典
临轩,庆典
册封,庆典
银册,庆典
册内命妇,庆典
纸册,庆典
册封诸王,庆典
符宝郎,庆典
遣使册赠,庆典
奉节官,庆典
册宝案,庆典
奉册官,庆典
诰命,庆典
诰敕,庆典
诰授,庆典
覃恩,庆典
诏书,庆典
诏黄,庆典
诏策,庆典
诏板,庆典
谕旨,庆典
册宝,庆典
懿旨,庆典
册命,庆典
册书,庆典
册皇后,庆典
册立中宫,庆典
册公主,庆典
册皇太子,庆典
册皇太子妃,庆典
册亲王,庆典
册封皇贵妃,庆典
册亲王妃,庆典
册封贵妃,庆典
册封妃,庆典
册封嫔,庆典
玉册,庆典
册函,庆典
金册,庆典
皇后册宝,庆典
有册无宝,庆典
皇妃册印,庆典
皇太子册宝,庆典
皇太子妃册宝,庆典
亲王册宝,庆典
公主册印,庆典
功臣铁券,庆典
百宫印信,庆典
武臣金牌,庆典
六礼,庆典
婚礼,庆典
问名,庆典
纳采,庆典
纳吉,庆典
纳徵,庆典
请期,庆典
亲迎,庆典
奉迎,庆典
奠雁,庆典
委禽,庆典
合髻,庆典
醴妃,庆典
却扇,庆典
交杯酒,庆典
牵巾,庆典
撒谷豆,庆典
撒帐,庆典
看新妇,庆典
庙见,庆典
同牢合卺,庆典
拜堂,庆典
朝见,庆典
花烛,庆典
醮戒,庆典
跨马鞍,庆典
障车,庆典
催妆,庆典
公主出降,庆典
和亲,庆典
天子纳后,庆典
皇太子纳妃,庆典
皇子纳妃,庆典
亲王纳妃,庆典
指婚,庆典
清宫选秀女,庆典
系臂,庆典
选婚,庆典
师婚,庆典
中表婚,庆典
同姓不婚,庆典
同宗不婚,庆典
士庶不婚,庆典
良贱不婚,庆典
烝,庆典
报,庆典
于归,庆典
《内训》,庆典
《女四书》,庆典
七去,庆典
媒妁,庆典
赠婚,庆典
赘婚,庆典
转毡,庆典
冥婚,庆典
收继婚,庆典
门第婚,庆典
婚礼不举乐,庆典
文定,庆典
冰人,庆典
秦晋之好,庆典
诞礼,庆典
冠礼,庆典
笄礼,庆典
遇喜,庆典
小满月,庆典
满月,庆典
洗儿钱,庆典
三朝礼,庆典
百日礼,庆典
周晬,庆典
换索,庆典
稳婆,庆典
改醮,庆典
刍灵,庆典
初终礼,庆典
讣告,庆典
小功,庆典
大功,庆典
齐衰,庆典
斩衰,庆典
缌麻,庆典
题虞主,庆典
五服,庆典
丧服制度,庆典
􀍆衰,庆典
三年之丧,庆典
镇墓兽,庆典
黄肠题凑,庆典
忌辰,庆典
赐祭葬,庆典
明器,庆典
嫔妃殉葬,庆典
人殉,庆典
俑,庆典
纸钱,庆典
告宁,庆典
葬术,庆典
予宁,庆典
释服,庆典
即吉,庆典
丁忧,庆典
丁外艰,庆典
丁内艰,庆典
丁艰,庆典
墨绖从事,庆典
守制,庆典
列鼎制度,庆典
古无墓祭,庆典
贯神点主,庆典
祔祭,庆典
祔庙,庆典
禫祭,庆典
吊丧,庆典
梓宫,庆典
赐恤,庆典
赐祭,庆典
遣使临吊,庆典
赙赠之典,庆典
乘舆举哀,庆典
乘舆临丧,庆典
辍朝礼,庆典
敕葬,庆典
人牲,庆典
坟墓,庆典
棺椁,庆典
墓志,庆典
碣,庆典
神道碑,庆典
墓碑,庆典
墓上石刻,庆典
凶门柏历,庆典
明旌,庆典
算盘,符号学术语
溯因推理,符号学术语
阿伯拉尔，皮埃尔（1079年－1142年）,符号学术语
代理模型,符号学术语
行动者,符号学术语
演戏,符号学术语
广告,符号学术语
美学,符号学术语
功能可见性,符号学术语
算法,符号学术语
寓言,符号学术语
字母表,符号学术语
路易·阿尔都塞（LouisAlthusser）,符号学术语
《批评的解剖》（1957）,符号学术语
标志性视觉符号,符号学术语
动物,符号学术语
种族隔离,符号学术语
任意性，原则,符号学术语
架构,符号学术语
鲁道夫·阿恩海姆（1904–2007）,符号学术语
艺术,符号学术语
《艺术与错觉》（1960）,符号学术语
发音清晰,符号学术语
人工智能,符号学术语
人工语言,符号学术语
人工生命,符号学术语
希波的奥古斯丁（354–430）,符号学术语
自体生成（或自生）,符号学术语
米哈伊尔·米哈伊洛维奇·巴赫金,符号学术语
罗兰·巴特（1915年－1980年）,符号学术语
棒球,符号学术语
贝特森，格雷戈里（1904–1980）,符号学术语
让·鲍德里亚（JeanBaudrillard）,符号学术语
本雅明，瓦尔特（1892–1940）,符号学术语
本斯，马克斯（1910–1990）,符号学术语
婆罗多笈多（Bhartrhari的常见音译）,符号学术语
二元论,符号学术语
生物符号学,符号学术语
诗意的纹章,符号学术语
纹章描述,符号学术语
盲人符号学,符号学术语
彼得·格里戈里耶维奇·博加特列夫（1893–1971）,符号学术语
皮埃尔·布迪厄（PierreBourdieu）,符号学术语
布隆达尔，维格（1887–1942）,符号学术语
佛教,符号学术语
肯尼斯·D.伯克（KennethD.Burke）,符号学术语
制图学,符号学术语
卡通,符号学术语
恩斯特·卡西尔（1874–1945）,符号学术语
灾害理论,符号学术语
化学通讯,符号学术语
汉字,符号学术语
中国本体论实在论,符号学术语
书法,符号学术语
电影院,符号学术语
克莱内斯，曼弗雷德（生于1925年）,符号学术语
代码,符号学术语
协同进化,符号学术语
漫画,符号学术语
交流,符号学术语
计算神经科学,符号学术语
计算机,符号学术语
计算机媒介传播,符号学术语
联结主义,符号学术语
内涵,符号学术语
谈话,符号学术语
哥本哈根学派,符号学术语
科塞留，尤根（1921–2002）,符号学术语
《普通语言学教程》,符号学术语
《符号政治经济学批判，为了一种多元决定论》,符号学术语
文化差异,符号学术语
文化知识,符号学术语
文化景观,符号学术语
文化符号学,符号学术语
文化我,符号学术语
文化基因,符号学术语
控制论,符号学术语
Daoism,符号学术语
查尔斯·罗伯特·达尔文（1809–1882）,符号学术语
数据库,符号学术语
理查德·道金斯（1941）,符号学术语
调试,符号学术语
解构,符号学术语
指示词,符号学术语
特丽萨·德·劳雷蒂斯（TeresadeLauretis，1938年生）,符号学术语
外延,符号学术语
图表,符号学术语
对话主义,符号学术语
对话,符号学术语
语篇分析,符号学术语
距离,符号学术语
显著特征,符号学术语
双重束缚,符号学术语
道格拉斯，玛丽·特尤（1921-2007）,符号学术语
埃米尔·涂尔干（1858–1917）,符号学术语
埃科，翁贝托（生于1932年）,符号学术语
埃克曼，保罗（生于1934年）,符号学术语
《符号学原理》,符号学术语
标志,符号学术语
无人称发音或电影《L'》(1991)的拍摄地,符号学术语
误差反向传播,符号学术语
民族方法学,符号学术语
民族科学,符号学术语
进化,符号学术语
期望,符号学术语
专家系统,符号学术语
脸,符号学术语
面部动作编码系统,符号学术语
反馈和前馈,符号学术语
女性主义及女性主义理论,符号学术语
女性主义符号学,符号学术语
小说,符号学术语
电影符号学,符号学术语
手指拼写,符号学术语
抨击,符号学术语
米歇尔·福柯（1926–1984）,符号学术语
弗雷格，戈特洛布（1848–1925）,符号学术语
弗莱，诺思罗普（1912–1991）,符号学术语
盖亚假说,符号学术语
吉布森，詹姆斯·J.（1904–1979）,符号学术语
欧文·戈夫曼（ErvingGoffman）,符号学术语
贡布里希，恩斯特·H.（1909–2001）,符号学术语
"古德曼,纳尔逊(1906–1998)",符号学术语
古迪，约翰·兰金（生于1919年）,符号学术语
八卦,符号学术语
《动机的语法》（1945）,符号学术语
《大语法》,符号学术语
阿尔吉达斯·朱利安·格雷马斯,符号学术语
尤尔根·哈贝马斯（生于1929年）,符号学术语
习性,符号学术语
韩礼德，迈克尔·A·K.（生于1925年）,符号学术语
威廉·D·汉密尔顿（生于1936年）,符号学术语
触觉反馈,符号学术语
纹章学,符号学术语
历史,符号学术语
路易斯·耶尔姆斯列夫（叶尔姆斯列夫）,符号学术语
《易经》,符号学术语
图标,符号学术语
标志性,符号学术语
符号,符号学术语
图片,符号学术语
《想象能指》（1977）,符号学术语
隐含意义,符号学术语
印象,符号学术语
索引,符号学术语
索引性,符号学术语
信息,符号学术语
内心独白,符号学术语
意向性,符号学术语
互动论分析,符号学术语
接口,符号学术语
种间交流,符号学术语
《叙事结构分析导论》（1966）,符号学术语
同位素,符号学术语
罗曼·雅柯布森（1896–1982）,符号学术语
雅各布森的语言交际模型,符号学术语
詹姆森，弗雷德里克（生于1934年）,符号学术语
谢尔盖·约西福维奇·卡尔采夫斯基,符号学术语
知识表示,符号学术语
沃尔特·A·科赫（生于1934年）,符号学术语
朱莉娅·克里斯蒂娃（生于1941年）,符号学术语
雅克·拉康（1901–1981）,符号学术语
《语言作为象征行为》（1966）,符号学术语
语言更改,符号学术语
《艺术的语言（1968）》,符号学术语
语言与言语,符号学术语
法律，符号学,符号学术语
埃德蒙·李奇（1910–1989）,符号学术语
法律话语,符号学术语
克洛德·莱维-斯特劳斯（生于1908年）,符号学术语
线性,符号学术语
语言动机,符号学术语
语言相对主义,符号学术语
文学人类学,符号学术语
尤里·米哈伊洛维奇·洛特曼,符号学术语
让-弗朗索瓦·利奥塔（Jean-FrançoisLyotard）,符号学术语
曼荼罗,符号学术语
操作,符号学术语
咒语,符号学术语
显著性,符号学术语
卡尔·马克思（1818–1883）,符号学术语
大众传播,符号学术语
唯物主义符号学,符号学术语
意思,符号学术语
中世纪符号学,符号学术语
梗图,符号学术语
模因学,符号学术语
元语言,符号学术语
隐喻,符号学术语
转喻,符号学术语
梅茨，克里斯蒂安（1931–1994）,符号学术语
军事的,符号学术语
心灵风景,符号学术语
形态学,符号学术语
莫斯科－塔尔图学派,符号学术语
动机,符号学术语
穆卡若夫斯基，扬（1891–1975）,符号学术语
多模态性,符号学术语
音乐,符号学术语
《神话学》（1957）,符号学术语
神话,符号学术语
叙事结构,符号学术语
叙事学,符号学术语
让-雅克·纳蒂埃（生1945年）,符号学术语
神经符号学,符号学术语
名义主义,符号学术语
非言语身体信号类别,符号学术语
小说中的非言语交际,符号学术语
数字表示,符号学术语
反对,符号学术语
范式,符号学术语
副语言,符号学术语
并行性,符号学术语
巴黎学派,符号学术语
谚语学,符号学术语
假释,符号学术语
解析,符号学术语
查尔斯·桑德斯·皮尔士（1839–1914）,符号学术语
相关性,符号学术语
音素,符号学术语
摄影,符号学术语
图像符号学,符号学术语
图片,符号学术语
图画感知,符号学术语
图片与计算机,符号学术语
播放,符号学术语
诗学,符号学术语
让·波因索（1589–1644）,符号学术语
多元系统理论,符号学术语
邮票,符号学术语
后殖民主义,符号学术语
后现代主义,符号学术语
后符号学,符号学术语
后结构主义,符号学术语
语用学,符号学术语
布拉格学派,符号学术语
标点符号,符号学术语
酷儿理论,符号学术语
《拉伯雷与他的世界》（1965）,符号学术语
读者反应理论,符号学术语
现实主义与唯名论,符号学术语
《语言符号本质新论（1954）》,符号学术语
接待与读者反应理论,符号学术语
受体,符号学术语
《结构研究1949》,符号学术语
参考文献,符号学术语
《图像修辞学》（1964）,符号学术语
阿洛伊斯·里格尔（1858–1905）,符号学术语
迈克尔·里法泰尔（1924–2006）,符号学术语
岩画,符号学术语
罗西－兰迪，费鲁乔（1921年－1985年）,符号学术语
罗素，伯特兰（1872–1970）,符号学术语
俄国形式主义,符号学术语
索绪尔，费尔迪南·德（1857–1913）,符号学术语
托马斯·A·西比奥克（1920–2001）,符号学术语
半符号学,符号学术语
符号过程,符号学术语
符号学的和象征的,符号学术语
符号学方阵,符号学术语
符号学术语,符号学术语
半神术,符号学术语
信号,符号学术语
意义,符号学术语
手语,符号学术语
社会生物学,符号学术语
声音,符号学术语
空间,符号学术语
演讲,符号学术语
言语行为理论,符号学术语
斯彭格勒，奥斯瓦尔德（1880–1936）,符号学术语
运动,符号学术语
刻板印象,符号学术语
结构主义,符号学术语
结构,符号学术语
符号类型,符号学术语
共时与历时,符号学术语
好的，请提供需要翻译的文本。,符号学术语
剧院,符号学术语
勒内·托姆（RenéB.Thom）,符号学术语
令牌,符号学术语
商标,符号学术语
特里弗斯，罗伯特（生于1943年）,符号学术语
特鲁别茨科伊，尼古拉·谢尔盖耶维奇（1890–1938）,符号学术语
艾伦·图灵（1912–1954）,符号学术语
维克托·特纳（VictorTurner）,符号学术语
类型和标记,符号学术语
环境,符号学术语
城市符号学,符号学术语
值,符号学术语
维科，詹巴蒂斯塔（1668–1744）,符号学术语
维也纳学派,符号学术语
视觉,符号学术语
沃尔夫，本杰明·李（1897–1941）,符号学术语
爱德华·O·威尔逊（生于1929年）,符号学术语
路德维希·维特根斯坦（1889–1951）,符号学术语
沃尔夫林，海因里希（1864–1945）,符号学术语
写作，民族志研究,符号学术语
